{
   "X":[0,0.050725,0.101449,0.152174,0.202899,0.253623,0.304348,0.355072,0.405797,0.456522,0.507246,0.557971,0.608696,0.65942,0.710145,0.76087,0.811594,0.862319,0.913043,0.963768,1.014493,1.065217,1.115942,1.166667,1.217391,1.268116,1.318841,1.369565,1.42029,1.471014,1.521739,1.572464,1.623188,1.673913,1.724638,1.775362,1.826087,1.876812,1.927536,1.978261,2.028986,2.07971,2.130435,2.181159,2.231884,2.282609,2.333333,2.384058,2.434783,2.485507,2.536232,2.586957,2.637681,2.688406,2.73913,2.789855,2.84058,2.891304,2.942029,2.992754,3.043478,3.094203,3.144928,3.195652,3.246377,3.297101,3.347826,3.398551,3.449275,3.5,3.5,3.548077,3.596105,3.644035,3.691816,3.7394,3.786738,3.833781,3.880482,3.926791,3.972662,4.018048,4.062901,4.107175,4.150826,4.193807,4.236076,4.277589,4.318302,4.358175,4.397166,4.435235,4.472343,4.508451,4.543524,4.577524,4.610417,4.642169,4.672747,4.70212,4.730258,4.757132,4.782714,4.806978,4.829899,4.851453,4.871619,4.890375,4.907703,4.923584,4.938002,4.950942,4.962392,4.972339,4.980773,4.987685,4.993069,4.996918,4.999229,5,5,4.999229,4.996918,4.993069,4.987685,4.980773,4.972339,4.962392,4.950942,4.938002,4.923584,4.907703,4.890375,4.871619,4.851453,4.829899,4.806978,4.782714,4.757132,4.730258,4.70212,4.672747,4.642169,4.610417,4.577524,4.543524,4.508451,4.472343,4.435235,4.397166,4.358175,4.318302,4.277589,4.236076,4.193807,4.150826,4.107175,4.062901,4.018048,3.972662,3.926791,3.880482,3.833781,3.786738,3.7394,3.691816,3.644035,3.596105,3.548077,3.5,3.5,3.449275,3.398551,3.347826,3.297101,3.246377,3.195652,3.144928,3.094203,3.043478,2.992754,2.942029,2.891304,2.84058,2.789855,2.73913,2.688406,2.637681,2.586957,2.536232,2.485507,2.434783,2.384058,2.333333,2.282609,2.231884,2.181159,2.130435,2.07971,2.028986,1.978261,1.927536,1.876812,1.826087,1.775362,1.724638,1.673913,1.623188,1.572464,1.521739,1.471014,1.42029,1.369565,1.318841,1.268116,1.217391,1.166667,1.115942,1.065217,1.014493,0.963768,0.913043,0.862319,0.811594,0.76087,0.710145,0.65942,0.608696,0.557971,0.507246,0.456522,0.405797,0.355072,0.304348,0.253623,0.202899,0.152174,0.101449,0.050725,0],
   "Y":[0,0,0,0,0,0,0,0,0,0,0,0,0,0,0,0,0,0,0,0,0,0,0,0,0,0,0,0,0,0,0,0,0,0,0,0,0,0,0,0,0,0,0,0,0,0,0,0,0,0,0,0,0,0,0,0,0,0,0,0,0,0,0,0,0,0,0,0,0,0,0,0.000771,0.003082,0.006931,0.012315,0.019227,0.027661,0.037608,0.049058,0.061998,0.076416,0.092297,0.109625,0.128381,0.148547,0.170101,0.193022,0.217286,0.242868,0.269742,0.29788,0.327253,0.357831,0.389583,0.422476,0.456476,0.491549,0.527657,0.564765,0.602834,0.641825,0.681698,0.722411,0.763924,0.806193,0.849174,0.892825,0.937099,0.981952,1.027338,1.073209,1.119518,1.166219,1.213262,1.2606,1.308184,1.355965,1.403895,1.451923,1.5,1.5,1.548077,1.596105,1.644035,1.691816,1.7394,1.786738,1.833781,1.880482,1.926791,1.972662,2.018048,2.062901,2.107175,2.150826,2.193807,2.236076,2.277589,2.318302,2.358175,2.397166,2.435235,2.472343,2.508451,2.543524,2.577524,2.610417,2.642169,2.672747,2.70212,2.730258,2.757132,2.782714,2.806978,2.829899,2.851453,2.871619,2.890375,2.907703,2.923584,2.938002,2.950942,2.962392,2.972339,2.980773,2.987685,2.993069,2.996918,2.999229,3,3,3,3,3,3,3,3,3,3,3,3,3,3,3,3,3,3,3,3,3,3,3,3,3,3,3,3,3,3,3,3,3,3,3,3,3,3,3,3,3,3,3,3,3,3,3,3,3,3,3,3,3,3,3,3,3,3,3,3,3,3,3,3,3,3,3,3,3,3,3],
   "X_i":[0,0.050725,0.101449,0.152174,0.202899,0.253623,0.304348,0.355072,0.405797,0.456522,0.507246,0.557971,0.608696,0.65942,0.710145,0.76087,0.811594,0.862319,0.913043,0.963768,1.014493,1.065217,1.115942,1.166667,1.217391,1.268116,1.318841,1.369565,1.42029,1.471014,1.521739,1.572464,1.623188,1.673913,1.724638,1.775362,1.826087,1.876812,1.927536,1.978261,2.028986,2.07971,2.130435,2.181159,2.231884,2.282609,2.333333,2.384058,2.434783,2.485507,2.536232,2.586957,2.637681,2.688406,2.73913,2.789855,2.84058,2.891304,2.942029,2.992754,3.043478,3.094203,3.144928,3.195652,3.246377,3.297101,3.347826,3.398551,3.449275,3.5,3.5,3.516026,3.532035,3.548012,3.563939,3.5798,3.595579,3.61126,3.626827,3.642264,3.657554,3.672683,3.687634,3.702392,3.716942,3.731269,3.745359,3.759196,3.772767,3.786058,3.799055,3.811745,3.824114,3.83615,3.847841,3.859175,3.870139,3.880723,3.890916,3.900707,3.910086,3.919044,3.927571,3.935659,3.9433,3.950484,3.957206,3.963458,3.969234,3.974528,3.979334,3.983647,3.987464,3.99078,3.993591,3.995895,3.99769,3.998973,3.999743,4,4,3.999743,3.998973,3.99769,3.995895,3.993591,3.99078,3.987464,3.983647,3.979334,3.974528,3.969234,3.963458,3.957206,3.950484,3.9433,3.935659,3.927571,3.919044,3.910086,3.900707,3.890916,3.880723,3.870139,3.859175,3.847841,3.83615,3.824114,3.811745,3.799055,3.786058,3.772767,3.759196,3.745359,3.731269,3.716942,3.702392,3.687634,3.672683,3.657554,3.642264,3.626827,3.61126,3.595579,3.5798,3.563939,3.548012,3.532035,3.516026,3.5,3.5,3.449275,3.398551,3.347826,3.297101,3.246377,3.195652,3.144928,3.094203,3.043478,2.992754,2.942029,2.891304,2.84058,2.789855,2.73913,2.688406,2.637681,2.586957,2.536232,2.485507,2.434783,2.384058,2.333333,2.282609,2.231884,2.181159,2.130435,2.07971,2.028986,1.978261,1.927536,1.876812,1.826087,1.775362,1.724638,1.673913,1.623188,1.572464,1.521739,1.471014,1.42029,1.369565,1.318841,1.268116,1.217391,1.166667,1.115942,1.065217,1.014493,0.963768,0.913043,0.862319,0.811594,0.76087,0.710145,0.65942,0.608696,0.557971,0.507246,0.456522,0.405797,0.355072,0.304348,0.253623,0.202899,0.152174,0.101449,0.050725,0],
   "Y_i":[1,1,1,1,1,1,1,1,1,1,1,1,1,1,1,1,1,1,1,1,1,1,1,1,1,1,1,1,1,1,1,1,1,1,1,1,1,1,1,1,1,1,1,1,1,1,1,1,1,1,1,1,1,1,1,1,1,1,1,1,1,1,1,1,1,1,1,1,1,1,1,1.000257,1.001027,1.00231,1.004105,1.006409,1.00922,1.012536,1.016353,1.020666,1.025472,1.030766,1.036542,1.042794,1.049516,1.0567,1.064341,1.072429,1.080956,1.089914,1.099293,1.109084,1.119277,1.129861,1.140825,1.152159,1.16385,1.175886,1.188255,1.200945,1.213942,1.227233,1.240804,1.254641,1.268731,1.283058,1.297608,1.312366,1.327317,1.342446,1.357736,1.373173,1.38874,1.404421,1.4202,1.436061,1.451988,1.467965,1.483974,1.5,1.5,1.516026,1.532035,1.548012,1.563939,1.5798,1.595579,1.61126,1.626827,1.642264,1.657554,1.672683,1.687634,1.702392,1.716942,1.731269,1.745359,1.759196,1.772767,1.786058,1.799055,1.811745,1.824114,1.83615,1.847841,1.859175,1.870139,1.880723,1.890916,1.900707,1.910086,1.919044,1.927571,1.935659,1.9433,1.950484,1.957206,1.963458,1.969234,1.974528,1.979334,1.983647,1.987464,1.99078,1.993591,1.995895,1.99769,1.998973,1.999743,2,2,2,2,2,2,2,2,2,2,2,2,2,2,2,2,2,2,2,2,2,2,2,2,2,2,2,2,2,2,2,2,2,2,2,2,2,2,2,2,2,2,2,2,2,2,2,2,2,2,2,2,2,2,2,2,2,2,2,2,2,2,2,2,2,2,2,2,2,2,2],